minute,original_velocity,filtered_velocity,prediction
1970-01-01 00:01:00,4.80163491754161e-05,4.80163491754161e-05,0
1970-01-01 00:02:00,0.003111136367973758,0.003111136367973758,0
1970-01-01 00:03:00,0.0075619845000382,0.0075619845000382,0
1970-01-01 00:04:00,-0.014990699241332313,-0.014990699241332313,0
1970-01-01 00:05:00,0.030882260409413994,0.030882260409413994,0
1970-01-01 00:06:00,-0.05043999486079745,-0.05043999486079745,0
1970-01-01 00:07:00,0.09217093048450226,0.09217093048450226,0
1970-01-01 00:08:00,-0.08505513666161688,-0.08505513666161688,0
1970-01-01 00:09:00,0.08387746002156296,0.08387746002156296,0
1970-01-01 00:10:00,-0.18847199653219918,-0.18847199653219918,0
1970-01-01 00:11:00,0.3809639147838872,0.3809639147838872,0
1970-01-01 00:12:00,-0.5866555933271161,-0.5866555933271161,0
1970-01-01 00:13:00,0.5988809884752555,0.5988809884752555,0
1970-01-01 00:14:00,-0.3015868317630726,-0.3015868317630726,0
1970-01-01 00:15:00,0.05053920978826674,0.05053920978826674,0
1970-01-01 00:16:00,-0.19909999921035712,-0.19909999921035712,0
1970-01-01 00:17:00,0.45603851866253564,0.45603851866253564,0
1970-01-01 00:18:00,-0.3960224078526482,-0.3960224078526482,0
1970-01-01 00:19:00,0.1143376273236255,0.1143376273236255,0
1970-01-01 00:20:00,0.07423525901563201,0.07423525901563201,0
1970-01-01 00:21:00,-0.1563048173918356,-0.1563048173918356,0
1970-01-01 00:22:00,0.2580100414261909,0.2580100414261909,0
1970-01-01 00:23:00,-0.21928146511647253,-0.21928146511647253,0
1970-01-01 00:24:00,-0.07744313708062454,-0.07744313708062454,0
1970-01-01 00:25:00,0.39199376128323193,0.39199376128323193,0
1970-01-01 00:26:00,-0.512076381286523,-0.512076381286523,0
1970-01-01 00:27:00,0.43663171761600383,0.43663171761600383,0
1970-01-01 00:28:00,-0.2727976884527177,-0.2727976884527177,0
1970-01-01 00:29:00,0.15184791372827752,0.15184791372827752,0
1970-01-01 00:30:00,0.001901959028086897,0.001901959028086897,0
1970-01-01 00:31:00,-0.2434575136508978,-0.2434575136508978,0
1970-01-01 00:32:00,0.394321617437585,0.394321617437585,0
1970-01-01 00:33:00,-0.3523499720043669,-0.3523499720043669,0
1970-01-01 00:34:00,0.21221310873983884,0.21221310873983884,0
1970-01-01 00:35:00,-0.17597264779180127,-0.17597264779180127,0
1970-01-01 00:36:00,0.3234633078851305,0.3234633078851305,0
1970-01-01 00:37:00,-0.49552716671877456,-0.49552716671877456,0
1970-01-01 00:38:00,0.47618476547347094,0.47618476547347094,0
1970-01-01 00:39:00,-0.2505007054535039,-0.2505007054535039,0
1970-01-01 00:40:00,0.1157727756374207,0.1157727756374207,0
1970-01-01 00:41:00,-0.20629005957904445,-0.20629005957904445,0
1970-01-01 00:42:00,0.24011332834209992,0.24011332834209992,0
1970-01-01 00:43:00,-0.056494133845514806,-0.056494133845514806,0
1970-01-01 00:44:00,-0.11249880848106138,-0.11249880848106138,0
1970-01-01 00:45:00,-6.966983549968238e-05,-6.966983549968238e-05,0
1970-01-01 00:46:00,0.3171475691789706,0.3171475691789706,0
1970-01-01 00:47:00,-0.4795210196984774,-0.4795210196984774,0
1970-01-01 00:48:00,0.259362708641142,0.259362708641142,0
1970-01-01 00:49:00,0.11405884744599822,0.11405884744599822,0
1970-01-01 00:50:00,-0.33691812365796475,-0.33691812365796475,0
1970-01-01 00:51:00,0.4129266928225468,0.4129266928225468,0
1970-01-01 00:52:00,-0.4035842751249897,-0.4035842751249897,0
1970-01-01 00:53:00,0.39915885542674023,0.39915885542674023,0
1970-01-01 00:54:00,-0.35879287209584576,-0.35879287209584576,0
1970-01-01 00:55:00,0.14256231107955517,0.14256231107955517,0
1970-01-01 00:56:00,0.13277011503888644,0.13277011503888644,0
1970-01-01 00:57:00,-0.299828517367879,-0.299828517367879,0
1970-01-01 00:58:00,0.29072849606024204,0.29072849606024204,0
1970-01-01 00:59:00,-0.1316719177516225,-0.1316719177516225,0
1970-01-01 01:00:00,-0.043122977147416405,-0.043122977147416405,0
1970-01-01 01:01:00,0.19122917185023497,0.19122917185023497,0
1970-01-01 01:02:00,-0.2562618304599849,-0.2562618304599849,0
1970-01-01 01:03:00,0.2119009392590158,0.2119009392590158,0
1970-01-01 01:04:00,-0.2123740331950696,-0.2123740331950696,0
1970-01-01 01:05:00,0.2160440983997809,0.2160440983997809,0
1970-01-01 01:06:00,-0.06874350210156847,-0.06874350210156847,0
1970-01-01 01:07:00,-0.0937162281346365,-0.0937162281346365,0
1970-01-01 01:08:00,0.012337356355268825,0.012337356355268825,0
1970-01-01 01:09:00,0.23561625323288474,0.23561625323288474,0
1970-01-01 01:10:00,-0.35934251010563767,-0.35934251010563767,0
1970-01-01 01:11:00,0.32392657851425616,0.32392657851425616,0
1970-01-01 01:12:00,-0.28518143102578314,-0.28518143102578314,0
1970-01-01 01:13:00,0.2893975148972843,0.2893975148972843,0
1970-01-01 01:14:00,-0.2639626001210654,-0.2639626001210654,0
1970-01-01 01:15:00,0.2212077277256052,0.2212077277256052,0
1970-01-01 01:16:00,-0.2770042082953928,-0.2770042082953928,0
1970-01-01 01:17:00,0.42909418258668425,0.42909418258668425,0
1970-01-01 01:18:00,-0.4290234359037147,-0.4290234359037147,0
1970-01-01 01:19:00,0.1956168832444601,0.1956168832444601,0
1970-01-01 01:20:00,-0.008380450369100645,-0.008380450369100645,0
1970-01-01 01:21:00,0.037744340773447876,0.037744340773447876,0
1970-01-01 01:22:00,-0.1791596667262666,-0.1791596667262666,0
1970-01-01 01:23:00,0.19483349648927029,0.19483349648927029,0
1970-01-01 01:24:00,-0.1043885987603618,-0.1043885987603618,0
1970-01-01 01:25:00,0.009085164617290276,0.009085164617290276,0
1970-01-01 01:26:00,0.20572938290447887,0.20572938290447887,0
1970-01-01 01:27:00,-0.48393851610897676,-0.48393851610897676,0
1970-01-01 01:28:00,0.617939663200798,0.617939663200798,0
1970-01-01 01:29:00,-0.5011234986303866,-0.5011234986303866,0
1970-01-01 01:30:00,0.11192814002305869,0.11192814002305869,0
1970-01-01 01:31:00,0.3501242537850146,0.3501242537850146,0
1970-01-01 01:32:00,-0.5424227181253903,-0.5424227181253903,0
1970-01-01 01:33:00,0.42217408042373494,0.42217408042373494,0
1970-01-01 01:34:00,-0.30050534098441234,-0.30050534098441234,0
1970-01-01 01:35:00,0.3986350496663606,0.3986350496663606,0
1970-01-01 01:36:00,-0.5013536360114831,-0.5013536360114831,0
1970-01-01 01:37:00,0.4326624525693663,0.4326624525693663,0
1970-01-01 01:38:00,-0.3589260189275978,-0.3589260189275978,0
1970-01-01 01:39:00,0.3931875647541394,0.3931875647541394,0
1970-01-01 01:40:00,-0.47076018356963173,-0.47076018356963173,0
1970-01-01 01:41:00,0.38453307122268604,0.38453307122268604,0
1970-01-01 01:42:00,0.004005091417711752,0.004005091417711752,0
1970-01-01 01:43:00,-0.3904487927065731,-0.3904487927065731,0
1970-01-01 01:44:00,0.38676226802639146,0.38676226802639146,0
1970-01-01 01:45:00,-0.24365092882481185,-0.24365092882481185,0
1970-01-01 01:46:00,0.4436830354650629,0.4436830354650629,0
1970-01-01 01:47:00,-0.7927778343121599,-0.7927778343121599,0
1970-01-01 01:48:00,0.8477014255645875,0.8477014255645875,0
1970-01-01 01:49:00,-0.6233627261284085,-0.6233627261284085,0
1970-01-01 01:50:00,0.30401490979171303,0.30401490979171303,0
1970-01-01 01:51:00,0.005166088559875311,0.005166088559875311,0
1970-01-01 01:52:00,-0.28435846219208344,-0.28435846219208344,0
1970-01-01 01:53:00,0.45355084581653826,0.45355084581653826,0
1970-01-01 01:54:00,-0.3165446232578559,-0.3165446232578559,0
1970-01-01 01:55:00,-0.09488378959513814,-0.09488378959513814,0
1970-01-01 01:56:00,0.27776101841870776,0.27776101841870776,0
1970-01-01 01:57:00,0.06957309867169158,0.06957309867169158,0
1970-01-01 01:58:00,-0.4403072018344505,-0.4403072018344505,0
1970-01-01 01:59:00,0.3484639743875022,0.3484639743875022,0
1970-01-01 02:00:00,-0.05085428474015545,-0.05085428474015545,0
1970-01-01 02:01:00,-0.015605232727151565,-0.015605232727151565,0
1970-01-01 02:02:00,-0.10515927338301671,-0.10515927338301671,0
1970-01-01 02:03:00,0.12059833878618934,0.12059833878618934,0
1970-01-01 02:04:00,0.12996905538985679,0.12996905538985679,0
1970-01-01 02:05:00,-0.4671311269774635,-0.4671311269774635,0
1970-01-01 02:06:00,0.4854451999642943,0.4854451999642943,0
1970-01-01 02:07:00,-0.095588708848406,-0.095588708848406,0
1970-01-01 02:08:00,-0.22978940199592668,-0.22978940199592668,0
1970-01-01 02:09:00,0.15692558917330446,0.15692558917330446,0
1970-01-01 02:10:00,0.03431449470903688,0.03431449470903688,0
1970-01-01 02:11:00,-0.21880344929643064,-0.21880344929643064,0
1970-01-01 02:12:00,0.5276104677206097,0.5276104677206097,0
1970-01-01 02:13:00,-0.715168409223553,-0.715168409223553,0
1970-01-01 02:14:00,0.34994263975362244,0.34994263975362244,0
1970-01-01 02:15:00,0.3902808509116093,0.3902808509116093,0
1970-01-01 02:16:00,-0.7836564044121428,-0.7836564044121428,0
1970-01-01 02:17:00,0.6710035482391846,0.6710035482391846,0
1970-01-01 02:18:00,-0.47843659724613163,-0.47843659724613163,0
1970-01-01 02:19:00,0.3986070222646144,0.3986070222646144,0
1970-01-01 02:20:00,-0.3559965117821663,-0.3559965117821663,0
1970-01-01 02:21:00,0.3310561169156278,0.3310561169156278,0
1970-01-01 02:22:00,-0.4736258699574653,-0.4736258699574653,0
1970-01-01 02:23:00,0.8175218256390749,0.8175218256390749,0
1970-01-01 02:24:00,-0.9730222017322377,-0.9730222017322377,0
1970-01-01 02:25:00,0.6632884547415521,0.6632884547415521,0
1970-01-01 02:26:00,-0.19792503121528845,-0.19792503121528845,0
1970-01-01 02:27:00,0.0001087041038436117,0.0001087041038436117,0
1970-01-01 02:28:00,-0.05324153761270074,-0.05324153761270074,0
1970-01-01 02:29:00,0.17036404306152486,0.17036404306152486,0
1970-01-01 02:30:00,-0.3310198715676757,-0.3310198715676757,0
1970-01-01 02:31:00,0.45149940883936185,0.45149940883936185,0
1970-01-01 02:32:00,-0.4039638103678956,-0.4039638103678956,0
1970-01-01 02:33:00,0.1891215538839343,0.1891215538839343,0
1970-01-01 02:34:00,-0.01660518113870104,-0.01660518113870104,0
1970-01-01 02:35:00,0.21571228531634468,0.21571228531634468,0
1970-01-01 02:36:00,-0.5353211489498158,-0.5353211489498158,0
1970-01-01 02:37:00,0.4477517942590879,0.4477517942590879,0
1970-01-01 02:38:00,-0.13156027598032718,-0.13156027598032718,0
1970-01-01 02:39:00,-0.14506091657314185,-0.14506091657314185,0
1970-01-01 02:40:00,0.46070778502009124,0.46070778502009124,0
1970-01-01 02:41:00,-0.8040271618731144,-0.8040271618731144,0
1970-01-01 02:42:00,1.031478585709602,1.031478585709602,0
1970-01-01 02:43:00,-0.9886471533510657,-0.9886471533510657,0
1970-01-01 02:44:00,0.6876885868595015,0.6876885868595015,0
1970-01-01 02:45:00,-0.3458251645786045,-0.3458251645786045,0
1970-01-01 02:46:00,-0.050789647546507104,-0.050789647546507104,0
1970-01-01 02:47:00,0.5210098521259577,0.5210098521259577,0
1970-01-01 02:48:00,-0.6942173972865603,-0.6942173972865603,0
1970-01-01 02:49:00,0.4198531650700487,0.4198531650700487,0
1970-01-01 02:50:00,-0.05816978080494127,-0.05816978080494127,0
1970-01-01 02:51:00,-0.05030635127944578,-0.05030635127944578,0
1970-01-01 02:52:00,-0.031925005851524864,-0.031925005851524864,0
1970-01-01 02:53:00,0.11572971413751315,0.11572971413751315,0
1970-01-01 02:54:00,-0.15116335599776604,-0.15116335599776604,0
1970-01-01 02:55:00,0.09284838031816242,0.09284838031816242,0
1970-01-01 02:56:00,0.05894472198747471,0.05894472198747471,0
1970-01-01 02:57:00,-0.15240447114485708,-0.15240447114485708,0
1970-01-01 02:58:00,0.09990096893218271,0.09990096893218271,0
1970-01-01 02:59:00,-0.022674984458766503,-0.022674984458766503,0
1970-01-01 03:00:00,-0.04999701757758969,-0.04999701757758969,0
1970-01-01 03:01:00,0.10926191708808618,0.10926191708808618,0
1970-01-01 03:02:00,0.08182050315126747,0.08182050315126747,0
1970-01-01 03:03:00,-0.5198631871874799,-0.5198631871874799,0
1970-01-01 03:04:00,0.8903613788421895,0.8903613788421895,0
1970-01-01 03:05:00,-1.1688202389689895,-1.1688202389689895,0
1970-01-01 03:06:00,1.086937450153891,1.086937450153891,0
1970-01-01 03:07:00,-0.47831978376815554,-0.47831978376815554,0
1970-01-01 03:08:00,-0.1898274623133367,-0.1898274623133367,0
1970-01-01 03:09:00,0.6939054374962462,0.6939054374962462,0
1970-01-01 03:10:00,-0.9252498465763023,-0.9252498465763023,0
1970-01-01 03:11:00,0.8365503750271717,0.8365503750271717,0
1970-01-01 03:12:00,-0.4452023338992822,-0.4452023338992822,0
1970-01-01 03:13:00,-0.13306689179012868,-0.13306689179012868,0
1970-01-01 03:14:00,0.7449277105802588,0.7449277105802588,0
1970-01-01 03:15:00,-1.1012123732352148,-1.1012123732352148,0
1970-01-01 03:16:00,1.0025965645755635,1.0025965645755635,0
1970-01-01 03:17:00,-0.5982310769085812,-0.5982310769085812,0
1970-01-01 03:18:00,0.25656203020485163,0.25656203020485163,0
1970-01-01 03:19:00,0.13103432676264729,0.13103432676264729,0
1970-01-01 03:20:00,-1.2009111083985347,-1.2009111083985347,0
1970-01-01 03:21:00,2.6644204857754485,2.6644204857754485,0
1970-01-01 03:22:00,-4.328808009272426,-4.328808009272426,0
1970-01-01 03:23:00,5.101854926173669,5.101854926173669,0
1970-01-01 03:24:00,-4.930216840467161,-4.930216840467161,0
1970-01-01 03:25:00,5.924481396314836,5.924481396314836,0
1970-01-01 03:26:00,-6.955163855889397,-6.955163855889397,0
1970-01-01 03:27:00,5.064859727217406,5.064859727217406,0
1970-01-01 03:28:00,-0.5120441277359135,-0.5120441277359135,0
1970-01-01 03:29:00,-4.188395965680295,-4.188395965680295,0
1970-01-01 03:30:00,6.234865015700673,6.234865015700673,0
1970-01-01 03:31:00,-3.8650574994104425,-3.8650574994104425,0
1970-01-01 03:32:00,-0.6445725554662661,-0.6445725554662661,0
1970-01-01 03:33:00,3.954384709095392,3.954384709095392,0
1970-01-01 03:34:00,-4.56354097026689,-4.56354097026689,0
1970-01-01 03:35:00,3.022905733357317,3.022905733357317,0
1970-01-01 03:36:00,-2.6966978448316485,-2.6966978448316485,0
1970-01-01 03:37:00,3.1382379196782537,3.1382379196782537,0
1970-01-01 03:38:00,-0.8884457210004297,-0.8884457210004297,0
1970-01-01 03:39:00,-2.296707117378299,-2.296707117378299,0
1970-01-01 03:40:00,3.2191235974380827,3.2191235974380827,0
1970-01-01 03:41:00,-1.487637192764176,-1.487637192764176,0
1970-01-01 03:42:00,-0.952793586415192,-0.952793586415192,0
1970-01-01 03:43:00,1.2591433322467769,1.2591433322467769,0
1970-01-01 03:44:00,1.3838469325012075,1.3838469325012075,0
1970-01-01 03:45:00,-4.006003549292408,-4.006003549292408,0
1970-01-01 03:46:00,2.068912883524713,2.068912883524713,0
1970-01-01 03:47:00,3.547802547746165,3.547802547746165,0
1970-01-01 03:48:00,-6.274769486807859,-6.274769486807859,0
1970-01-01 03:49:00,3.4480116471977538,3.4480116471977538,0
1970-01-01 03:50:00,0.16368900466220188,0.16368900466220188,0
1970-01-01 03:51:00,-1.4127872641620598,-1.4127872641620598,0
1970-01-01 03:52:00,2.210863768774126,2.210863768774126,0
1970-01-01 03:53:00,-3.5892157570199172,-3.5892157570199172,0
1970-01-01 03:54:00,4.375110651616918,4.375110651616918,0
1970-01-01 03:55:00,-3.6552499530006246,-3.6552499530006246,0
1970-01-01 03:56:00,2.1209823505608743,2.1209823505608743,0
1970-01-01 03:57:00,-1.303232068492303,-1.303232068492303,0
1970-01-01 03:58:00,1.1411494802440687,1.1411494802440687,0
1970-01-01 03:59:00,-0.40828923759196306,-0.40828923759196306,0
1970-01-01 04:00:00,-0.3226583704667875,-0.3226583704667875,0
1970-01-01 04:01:00,0.13540975457122334,0.13540975457122334,0
1970-01-01 04:02:00,1.0510752864142208,1.0510752864142208,0
1970-01-01 04:03:00,-2.894156443642289,-2.894156443642289,0
1970-01-01 04:04:00,3.608162718123131,3.608162718123131,0
1970-01-01 04:05:00,-2.965268545251003,-2.965268545251003,0
1970-01-01 04:06:00,1.985015515773308,1.985015515773308,0
1970-01-01 04:07:00,-1.0803074499790228,-1.0803074499790228,0
1970-01-01 04:08:00,1.587353351438041,1.587353351438041,0
1970-01-01 04:09:00,-3.5167216252889166,-3.5167216252889166,0
1970-01-01 04:10:00,4.152156629967841,4.152156629967841,0
1970-01-01 04:11:00,-2.4844393157179083,-2.4844393157179083,0
1970-01-01 04:12:00,0.7444359140699749,0.7444359140699749,0
1970-01-01 04:13:00,0.34394827145023876,0.34394827145023876,0
1970-01-01 04:14:00,-1.1812959907049292,-1.1812959907049292,0
1970-01-01 04:15:00,1.0731001213505906,1.0731001213505906,0
1970-01-01 04:16:00,-0.2038694065977693,-0.2038694065977693,0
1970-01-01 04:17:00,-0.2592903283686567,-0.2592903283686567,0
1970-01-01 04:18:00,0.28505004222279023,0.28505004222279023,0
1970-01-01 04:19:00,-0.4880585064152656,-0.4880585064152656,0
1970-01-01 04:20:00,-0.2559116018044715,-0.2559116018044715,0
1970-01-01 04:21:00,2.3886131414563327,2.3886131414563327,0
1970-01-01 04:22:00,-2.720096787333203,-2.720096787333203,0
1970-01-01 04:23:00,-0.37157068549451455,-0.37157068549451455,0
1970-01-01 04:24:00,4.061689128889524,4.061689128889524,0
1970-01-01 04:25:00,-6.59477156280275,-6.59477156280275,0
1970-01-01 04:26:00,7.557847626429503,7.557847626429503,0
1970-01-01 04:27:00,-5.953114000357215,-5.953114000357215,0
1970-01-01 04:28:00,2.9875706675511697,2.9875706675511697,0
1970-01-01 04:29:00,-0.882783180380306,-0.882783180380306,0
1970-01-01 04:30:00,0.3543515269671026,0.3543515269671026,0
1970-01-01 04:31:00,-1.1230311515235003,-1.1230311515235003,0
1970-01-01 04:32:00,1.5403682140665464,1.5403682140665464,0
1970-01-01 04:33:00,-0.7467613809037732,-0.7467613809037732,0
1970-01-01 04:34:00,-0.3692116265413735,-0.3692116265413735,0
1970-01-01 04:35:00,1.7137246111939286,1.7137246111939286,0
1970-01-01 04:36:00,-3.489119850060525,-3.489119850060525,0
1970-01-01 04:37:00,4.254108979982577,4.254108979982577,0
1970-01-01 04:38:00,-2.6342820188739022,-2.6342820188739022,0
1970-01-01 04:39:00,0.04153969363664022,0.04153969363664022,0
1970-01-01 04:40:00,0.9048299623945312,0.9048299623945312,0
1970-01-01 04:41:00,0.4555739379782606,0.4555739379782606,0
1970-01-01 04:42:00,-2.1569853433674213,-2.1569853433674213,0
1970-01-01 04:43:00,2.011032495492605,2.011032495492605,0
1970-01-01 04:44:00,0.24144194649814404,0.24144194649814404,0
1970-01-01 04:45:00,-2.612147354818917,-2.612147354818917,0
1970-01-01 04:46:00,2.612875830475185,2.612875830475185,0
1970-01-01 04:47:00,-0.05265119236750658,-0.05265119236750658,0
1970-01-01 04:48:00,-2.653401462988037,-2.653401462988037,0
1970-01-01 04:49:00,3.2465937032460075,3.2465937032460075,0
1970-01-01 04:50:00,-1.8784333841894463,-1.8784333841894463,0
1970-01-01 04:51:00,0.1611041072000354,0.1611041072000354,0
1970-01-01 04:52:00,0.8516510405080522,0.8516510405080522,0
1970-01-01 04:53:00,-0.8617638765886507,-0.8617638765886507,0
1970-01-01 04:54:00,0.07395596361695736,0.07395596361695736,0
1970-01-01 04:55:00,0.5775726047131562,0.5775726047131562,0
1970-01-01 04:56:00,-0.8223170630485303,-0.8223170630485303,0
1970-01-01 04:57:00,1.4708323476969454,1.4708323476969454,0
1970-01-01 04:58:00,-1.9855670089652846,-1.9855670089652846,0
1970-01-01 04:59:00,1.1545591324409983,1.1545591324409983,0
1970-01-01 05:00:00,0.3747066444227703,0.3747066444227703,0
1970-01-01 05:01:00,-0.9494378893711073,-0.9494378893711073,0
1970-01-01 05:02:00,0.5729997756495144,0.5729997756495144,0
1970-01-01 05:03:00,-0.40774106256023734,-0.40774106256023734,0
1970-01-01 05:04:00,0.5455085125137232,0.5455085125137232,0
1970-01-01 05:05:00,-0.8317538115919416,-0.8317538115919416,0
1970-01-01 05:06:00,1.1393094829958117,1.1393094829958117,0
1970-01-01 05:07:00,-0.48050254882142374,-0.48050254882142374,0
1970-01-01 05:08:00,-1.3851547513390436,-1.3851547513390436,0
1970-01-01 05:09:00,2.4927407278111455,2.4927407278111455,0
1970-01-01 05:10:00,-1.6562726225431175,-1.6562726225431175,0
1970-01-01 05:11:00,0.2077557452311702,0.2077557452311702,0
1970-01-01 05:12:00,0.8456873193773021,0.8456873193773021,0
1970-01-01 05:13:00,-1.6506206008659667,-1.6506206008659667,0
1970-01-01 05:14:00,1.7721300331606102,1.7721300331606102,0
1970-01-01 05:15:00,-0.6291328067858931,-0.6291328067858931,0
1970-01-01 05:16:00,-0.9241208464812191,-0.9241208464812191,0
1970-01-01 05:17:00,1.7564039673268041,1.7564039673268041,0
1970-01-01 05:18:00,-1.6494984585677372,-1.6494984585677372,0
1970-01-01 05:19:00,0.704804608673141,0.704804608673141,0
1970-01-01 05:20:00,0.6067753147705833,0.6067753147705833,0
1970-01-01 05:21:00,-1.5313121666362517,-1.5313121666362517,0
1970-01-01 05:22:00,1.7083085832168865,1.7083085832168865,0
1970-01-01 05:23:00,-1.6145080389659898,-1.6145080389659898,0
1970-01-01 05:24:00,1.4418074901076279,1.4418074901076279,0
1970-01-01 05:25:00,-0.8160591957390994,-0.8160591957390994,0
1970-01-01 05:26:00,-0.05005004004124391,-0.05005004004124391,0
1970-01-01 05:27:00,0.8202622959800528,0.8202622959800528,0
1970-01-01 05:28:00,-1.3039174687011785,-1.3039174687011785,0
1970-01-01 05:29:00,1.4399487235214081,1.4399487235214081,0
1970-01-01 05:30:00,-1.1528869810660638,-1.1528869810660638,0
1970-01-01 05:31:00,0.12463934447161501,0.12463934447161501,0
1970-01-01 05:32:00,1.0375535216533363,1.0375535216533363,0
1970-01-01 05:33:00,-1.1640453911512274,-1.1640453911512274,0
1970-01-01 05:34:00,0.2944959503107198,0.2944959503107198,0
1970-01-01 05:35:00,0.4768948707055169,0.4768948707055169,0
1970-01-01 05:36:00,-0.596682859665386,-0.596682859665386,0
1970-01-01 05:37:00,-0.007863749476796519,-0.007863749476796519,0
1970-01-01 05:38:00,1.2319102885779498,1.2319102885779498,0
1970-01-01 05:39:00,-1.8269456450430923,-1.8269456450430923,0
1970-01-01 05:40:00,1.1547907175552574,1.1547907175552574,0
1970-01-01 05:41:00,-0.6962789958003079,-0.6962789958003079,0
1970-01-01 05:42:00,0.9628321068615321,0.9628321068615321,0
1970-01-01 05:43:00,-0.6078999154476479,-0.6078999154476479,0
1970-01-01 05:44:00,-0.329443278967713,-0.329443278967713,0
1970-01-01 05:45:00,0.5161621079626114,0.5161621079626114,0
1970-01-01 05:46:00,0.1951589241794967,0.1951589241794967,0
1970-01-01 05:47:00,-0.7568125388018514,-0.7568125388018514,0
1970-01-01 05:48:00,0.43156984762581857,0.43156984762581857,0
1970-01-01 05:49:00,0.4920904364310001,0.4920904364310001,0
1970-01-01 05:50:00,-0.9890863611672293,-0.9890863611672293,0
1970-01-01 05:51:00,0.38345001012888874,0.38345001012888874,0
1970-01-01 05:52:00,0.7371068910225357,0.7371068910225357,0
1970-01-01 05:53:00,-1.2463360956829581,-1.2463360956829581,0
1970-01-01 05:54:00,0.9438164254009569,0.9438164254009569,0
1970-01-01 05:55:00,-0.43221878447533774,-0.43221878447533774,0
1970-01-01 05:56:00,0.09287115348235488,0.09287115348235488,0
1970-01-01 05:57:00,0.0031504143907114053,0.0031504143907114053,0
1970-01-01 05:58:00,0.13011605673842416,0.13011605673842416,0
1970-01-01 05:59:00,-0.2973952576184255,-0.2973952576184255,0
1970-01-01 06:00:00,0.08887809154989697,0.08887809154989697,0
1970-01-01 06:01:00,0.4552630776361358,0.4552630776361358,0
1970-01-01 06:02:00,-0.6661829941684146,-0.6661829941684146,0
1970-01-01 06:03:00,0.21970692608406267,0.21970692608406267,0
1970-01-01 06:04:00,0.3699221292933545,0.3699221292933545,0
1970-01-01 06:05:00,-0.4513670038347373,-0.4513670038347373,0
1970-01-01 06:06:00,0.17143589679459054,0.17143589679459054,0
1970-01-01 06:07:00,-0.06461627834670151,-0.06461627834670151,0
1970-01-01 06:08:00,0.2669850226858266,0.2669850226858266,0
1970-01-01 06:09:00,-0.557819687039164,-0.557819687039164,0
1970-01-01 06:10:00,0.352127181150735,0.352127181150735,0
1970-01-01 06:11:00,0.46283626546736023,0.46283626546736023,0
1970-01-01 06:12:00,-1.1756934651113313,-1.1756934651113313,0
1970-01-01 06:13:00,1.2896224771748854,1.2896224771748854,0
1970-01-01 06:14:00,-0.8373655032953938,-0.8373655032953938,0
1970-01-01 06:15:00,0.2304293458493867,0.2304293458493867,0
1970-01-01 06:16:00,0.02210649037097521,0.02210649037097521,0
1970-01-01 06:17:00,0.057866251256838704,0.057866251256838704,0
1970-01-01 06:18:00,0.03851924044334821,0.03851924044334821,0
1970-01-01 06:19:00,-0.31871822076823164,-0.31871822076823164,0
1970-01-01 06:20:00,0.3640456116620489,0.3640456116620489,0
1970-01-01 06:21:00,-0.13711407213061252,-0.13711407213061252,0
1970-01-01 06:22:00,-0.1951528895436193,-0.1951528895436193,0
1970-01-01 06:23:00,0.400665999795641,0.400665999795641,0
1970-01-01 06:24:00,-0.25899273062122696,-0.25899273062122696,0
1970-01-01 06:25:00,-0.12741071256377323,-0.12741071256377323,0
1970-01-01 06:26:00,0.43444876223240636,0.43444876223240636,0
1970-01-01 06:27:00,-0.6005513853225158,-0.6005513853225158,0
1970-01-01 06:28:00,0.630388964188461,0.630388964188461,0
1970-01-01 06:29:00,-0.37967040363617716,-0.37967040363617716,0
1970-01-01 06:30:00,0.09133107199584224,0.09133107199584224,0
1970-01-01 06:31:00,0.0544824255913874,0.0544824255913874,0
1970-01-01 06:32:00,-0.2531734630197145,-0.2531734630197145,0
1970-01-01 06:33:00,0.42545806293796057,0.42545806293796057,0
1970-01-01 06:34:00,-0.16076847615089113,-0.16076847615089113,0
1970-01-01 06:35:00,-0.4819904443784579,-0.4819904443784579,0
1970-01-01 06:36:00,0.865125686443839,0.865125686443839,0
1970-01-01 06:37:00,-0.6284763712620641,-0.6284763712620641,0
1970-01-01 06:38:00,-0.07717108015159613,-0.07717108015159613,0
1970-01-01 06:39:00,0.612903895845492,0.612903895845492,0
1970-01-01 06:40:00,-0.36190534541219876,-0.36190534541219876,0
1970-01-01 06:41:00,-0.3191931769148854,-0.3191931769148854,0
1970-01-01 06:42:00,0.39878991987740253,0.39878991987740253,0
1970-01-01 06:43:00,0.3045527292807551,0.3045527292807551,0
1970-01-01 06:44:00,-0.8807821532864774,-0.8807821532864774,0
1970-01-01 06:45:00,0.6904261600090312,0.6904261600090312,0
1970-01-01 06:46:00,0.06643600759613075,0.06643600759613075,0
1970-01-01 06:47:00,-0.7324791523407723,-0.7324791523407723,0
1970-01-01 06:48:00,0.8578404692949477,0.8578404692949477,0
1970-01-01 06:49:00,-0.7048753207332226,-0.7048753207332226,0
1970-01-01 06:50:00,0.6569332911442584,0.6569332911442584,0
1970-01-01 06:51:00,-0.6273781182960164,-0.6273781182960164,0
1970-01-01 06:52:00,0.3975505033250082,0.3975505033250082,0
1970-01-01 06:53:00,0.07053694174154188,0.07053694174154188,0
1970-01-01 06:54:00,-0.5495818488988417,-0.5495818488988417,0
1970-01-01 06:55:00,0.7632779693614709,0.7632779693614709,0
1970-01-01 06:56:00,-0.598442360907498,-0.598442360907498,0
1970-01-01 06:57:00,0.4656422160224353,0.4656422160224353,0
1970-01-01 06:58:00,-0.6170323261673119,-0.6170323261673119,0
1970-01-01 06:59:00,0.45665767879183977,0.45665767879183977,0
1970-01-01 07:00:00,-0.032701619981223964,-0.032701619981223964,0
1970-01-01 07:01:00,0.015620042467831248,0.015620042467831248,0
1970-01-01 07:02:00,-0.39509472880827956,-0.39509472880827956,0
1970-01-01 07:03:00,0.83574787192113,0.83574787192113,0
1970-01-01 07:04:00,-1.0760174175776802,-1.0760174175776802,0
1970-01-01 07:05:00,0.9202098137051983,0.9202098137051983,0
1970-01-01 07:06:00,-0.45029417358540336,-0.45029417358540336,0
1970-01-01 07:07:00,-0.004786282452035436,-0.004786282452035436,0
1970-01-01 07:08:00,0.09494614555202606,0.09494614555202606,0
1970-01-01 07:09:00,0.18837908877840978,0.18837908877840978,0
1970-01-01 07:10:00,-0.3883141610093939,-0.3883141610093939,0
1970-01-01 07:11:00,-0.007358263836689646,-0.007358263836689646,0
1970-01-01 07:12:00,0.6423116280487436,0.6423116280487436,0
1970-01-01 07:13:00,-0.6263189951009834,-0.6263189951009834,0
1970-01-01 07:14:00,0.14697806588497545,0.14697806588497545,0
1970-01-01 07:15:00,-0.13604511925408033,-0.13604511925408033,0
1970-01-01 07:16:00,0.6320831217332757,0.6320831217332757,0
1970-01-01 07:17:00,-0.8128799677497931,-0.8128799677497931,0
1970-01-01 07:18:00,0.42457093880309965,0.42457093880309965,0
1970-01-01 07:19:00,0.16650535062151725,0.16650535062151725,0
1970-01-01 07:20:00,-0.3983371426512801,-0.3983371426512801,0
1970-01-01 07:21:00,0.018252257828569696,0.018252257828569696,0
1970-01-01 07:22:00,0.3383019983891875,0.3383019983891875,0
1970-01-01 07:23:00,-0.22075356590604528,-0.22075356590604528,0
1970-01-01 07:24:00,0.02419281856365513,0.02419281856365513,0
1970-01-01 07:25:00,0.02762251873385339,0.02762251873385339,0
1970-01-01 07:26:00,-0.15224451028724395,-0.15224451028724395,0
1970-01-01 07:27:00,0.22598829314327445,0.22598829314327445,0
1970-01-01 07:28:00,0.01983259518870725,0.01983259518870725,0
1970-01-01 07:29:00,-0.30601375552276533,-0.30601375552276533,0
1970-01-01 07:30:00,0.4460268246378529,0.4460268246378529,0
1970-01-01 07:31:00,-0.6427288607421813,-0.6427288607421813,0
1970-01-01 07:32:00,0.7644125797919143,0.7644125797919143,0
1970-01-01 07:33:00,-0.5701344624978577,-0.5701344624978577,0
1970-01-01 07:34:00,0.05698061906438913,0.05698061906438913,0
1970-01-01 07:35:00,0.4778794475270768,0.4778794475270768,0
1970-01-01 07:36:00,-0.46121752101472624,-0.46121752101472624,0
1970-01-01 07:37:00,-0.20719799740364758,-0.20719799740364758,0
1970-01-01 07:38:00,0.7544329797559806,0.7544329797559806,0
1970-01-01 07:39:00,-0.526920252299447,-0.526920252299447,0
1970-01-01 07:40:00,-0.11231131261076524,-0.11231131261076524,0
1970-01-01 07:41:00,0.4159273718052863,0.4159273718052863,0
1970-01-01 07:42:00,-0.33056489757197766,-0.33056489757197766,0
1970-01-01 07:43:00,0.3387360047570339,0.3387360047570339,0
1970-01-01 07:44:00,-0.6178827139411848,-0.6178827139411848,0
1970-01-01 07:45:00,0.7507078167700316,0.7507078167700316,0
1970-01-01 07:46:00,-0.46210321439458774,-0.46210321439458774,0
1970-01-01 07:47:00,0.11922931449930756,0.11922931449930756,0
1970-01-01 07:48:00,-0.1015968628220715,-0.1015968628220715,0
1970-01-01 07:49:00,0.3347947989086096,0.3347947989086096,0
1970-01-01 07:50:00,-0.6011510464432358,-0.6011510464432358,0
1970-01-01 07:51:00,0.7326596322377349,0.7326596322377349,0
1970-01-01 07:52:00,-0.5784284070567095,-0.5784284070567095,0
1970-01-01 07:53:00,0.11522991313213216,0.11522991313213216,0
1970-01-01 07:54:00,0.39639727193368757,0.39639727193368757,0
1970-01-01 07:55:00,-0.6580023818687873,-0.6580023818687873,0
1970-01-01 07:56:00,0.7421332023284984,0.7421332023284984,0
1970-01-01 07:57:00,-0.7087935116137961,-0.7087935116137961,0
1970-01-01 07:58:00,0.45868694406581534,0.45868694406581534,0
1970-01-01 07:59:00,-0.1930044733871368,-0.1930044733871368,0
1970-01-01 08:00:00,0.13624952923497805,0.13624952923497805,0
1970-01-01 08:01:00,-0.09320754920909655,-0.09320754920909655,0
1970-01-01 08:02:00,-0.17489483322723484,-0.17489483322723484,0
1970-01-01 08:03:00,0.5921488348190366,0.5921488348190366,0
1970-01-01 08:04:00,-0.9251114463858551,-0.9251114463858551,0
1970-01-01 08:05:00,1.0602872441604405,1.0602872441604405,0
1970-01-01 08:06:00,-1.0207831370340394,-1.0207831370340394,0
1970-01-01 08:07:00,0.8569834488869901,0.8569834488869901,0
1970-01-01 08:08:00,-0.6743826922944093,-0.6743826922944093,0
1970-01-01 08:09:00,0.624791825168362,0.624791825168362,0
1970-01-01 08:10:00,-0.608924365565167,-0.608924365565167,0
1970-01-01 08:11:00,0.3380153783255706,0.3380153783255706,0
1970-01-01 08:12:00,0.062280403391026015,0.062280403391026015,0
1970-01-01 08:13:00,-0.08653647621872015,-0.08653647621872015,0
1970-01-01 08:14:00,-0.2990916278833456,-0.2990916278833456,0
1970-01-01 08:15:00,0.579860649831767,0.579860649831767,0
1970-01-01 08:16:00,-0.3996397297095489,-0.3996397297095489,0
1970-01-01 08:17:00,-0.118049571297427,-0.118049571297427,0
1970-01-01 08:18:00,0.43924313147002353,0.43924313147002353,0
1970-01-01 08:19:00,-0.1446687266807603,-0.1446687266807603,0
1970-01-01 08:20:00,-0.4500334689617465,-0.4500334689617465,0
1970-01-01 08:21:00,0.6756885913388013,0.6756885913388013,0
1970-01-01 08:22:00,-0.4964355766342726,-0.4964355766342726,0
1970-01-01 08:23:00,0.33277112194905517,0.33277112194905517,0
1970-01-01 08:24:00,-0.2463567837042157,-0.2463567837042157,0
1970-01-01 08:25:00,0.21817963730887063,0.21817963730887063,0
1970-01-01 08:26:00,-0.4438535030757768,-0.4438535030757768,0
1970-01-01 08:27:00,0.8552289661027748,0.8552289661027748,0
1970-01-01 08:28:00,-0.9547466971778957,-0.9547466971778957,0
1970-01-01 08:29:00,0.606877826663479,0.606877826663479,0
1970-01-01 08:30:00,-0.16112098820968612,-0.16112098820968612,0
1970-01-01 08:31:00,-0.1571846792383226,-0.1571846792383226,0
1970-01-01 08:32:00,0.14124666212655163,0.14124666212655163,0
1970-01-01 08:33:00,0.11471877866177624,0.11471877866177624,0
1970-01-01 08:34:00,-0.2624747011021967,-0.2624747011021967,0
1970-01-01 08:35:00,0.303808692657868,0.303808692657868,0
1970-01-01 08:36:00,-0.29768718345944917,-0.29768718345944917,0
1970-01-01 08:37:00,0.21476147679053337,0.21476147679053337,0
1970-01-01 08:38:00,-0.15357308853891447,-0.15357308853891447,0
1970-01-01 08:39:00,0.10717431982382962,0.10717431982382962,0
1970-01-01 08:40:00,0.03255265636425754,0.03255265636425754,0
1970-01-01 08:41:00,-0.2623904510297509,-0.2623904510297509,0
1970-01-01 08:42:00,0.4321329451386647,0.4321329451386647,0
1970-01-01 08:43:00,-0.4784365602292976,-0.4784365602292976,0
1970-01-01 08:44:00,0.6123942399456438,0.6123942399456438,0
1970-01-01 08:45:00,-0.7586117123758556,-0.7586117123758556,0
1970-01-01 08:46:00,0.4677950970379802,0.4677950970379802,0
1970-01-01 08:47:00,0.07424029306577914,0.07424029306577914,0
1970-01-01 08:48:00,-0.36915083618059313,-0.36915083618059313,0
1970-01-01 08:49:00,0.5005303643179603,0.5005303643179603,0
1970-01-01 08:50:00,-0.5380181019537839,-0.5380181019537839,0
1970-01-01 08:51:00,0.3339694754395939,0.3339694754395939,0
1970-01-01 08:52:00,-0.11345413305089116,-0.11345413305089116,0
1970-01-01 08:53:00,0.05169342890721571,0.05169342890721571,0
1970-01-01 08:54:00,0.052981071083075384,0.052981071083075384,0
1970-01-01 08:55:00,-0.2657418669095157,-0.2657418669095157,0
1970-01-01 08:56:00,0.46348144005068936,0.46348144005068936,0
1970-01-01 08:57:00,-0.5038258682565251,-0.5038258682565251,0
1970-01-01 08:58:00,0.3057682720568577,0.3057682720568577,0
1970-01-01 08:59:00,-0.0420651929371073,-0.0420651929371073,0
1970-01-01 09:00:00,-0.13651346305075457,-0.13651346305075457,0
1970-01-01 09:01:00,0.21097790327283372,0.21097790327283372,0
1970-01-01 09:02:00,-0.04197730726216221,-0.04197730726216221,0
1970-01-01 09:03:00,-0.2588102954788665,-0.2588102954788665,0
1970-01-01 09:04:00,0.3375130935948324,0.3375130935948324,0
1970-01-01 09:05:00,-0.08443659417450156,-0.08443659417450156,0
1970-01-01 09:06:00,-0.22335282720610516,-0.22335282720610516,0
1970-01-01 09:07:00,0.30069797591367864,0.30069797591367864,0
1970-01-01 09:08:00,-0.20799521952617364,-0.20799521952617364,0
1970-01-01 09:09:00,0.15040727483043986,0.15040727483043986,0
1970-01-01 09:10:00,-0.08460928607028315,-0.08460928607028315,0
1970-01-01 09:11:00,-0.053797335523084626,-0.053797335523084626,0
1970-01-01 09:12:00,0.14026285664175156,0.14026285664175156,0
1970-01-01 09:13:00,-0.19869164411902987,-0.19869164411902987,0
1970-01-01 09:14:00,0.2100648404999901,0.2100648404999901,0
1970-01-01 09:15:00,-0.11439240839957442,-0.11439240839957442,0
1970-01-01 09:16:00,0.06872306304720559,0.06872306304720559,0
1970-01-01 09:17:00,-0.04324211808823755,-0.04324211808823755,0
1970-01-01 09:18:00,0.02544897627646608,0.02544897627646608,0
1970-01-01 09:19:00,-0.13299140610893237,-0.13299140610893237,0
1970-01-01 09:20:00,0.2120893445317578,0.2120893445317578,0
1970-01-01 09:21:00,-0.13971099815830373,-0.13971099815830373,0
1970-01-01 09:22:00,-0.036333193378224625,-0.036333193378224625,0
1970-01-01 09:23:00,0.18028745535010932,0.18028745535010932,0
1970-01-01 09:24:00,-0.15459095715116453,-0.15459095715116453,0
1970-01-01 09:25:00,0.0030065463221188565,0.0030065463221188565,0
1970-01-01 09:26:00,0.11449804836957159,0.11449804836957159,0
1970-01-01 09:27:00,-0.06509619762691413,-0.06509619762691413,0
1970-01-01 09:28:00,-0.02805856881306271,-0.02805856881306271,0
1970-01-01 09:29:00,-0.04866456150417448,-0.04866456150417448,0
1970-01-01 09:30:00,0.14978751144238409,0.14978751144238409,0
1970-01-01 09:31:00,-0.14446809247081396,-0.14446809247081396,0
1970-01-01 09:32:00,0.18811457202581663,0.18811457202581663,0
1970-01-01 09:33:00,-0.20334956499311777,-0.20334956499311777,0
1970-01-01 09:34:00,-0.03396631414844797,-0.03396631414844797,0
1970-01-01 09:35:00,0.3797021186541096,0.3797021186541096,0
1970-01-01 09:36:00,-0.44564374103124677,-0.44564374103124677,0
1970-01-01 09:37:00,0.17265849064898522,0.17265849064898522,0
1970-01-01 09:38:00,0.028192233552759977,0.028192233552759977,0
1970-01-01 09:39:00,0.16637741694133723,0.16637741694133723,0
1970-01-01 09:40:00,-0.5679236533603599,-0.5679236533603599,0
1970-01-01 09:41:00,0.6366989394468984,0.6366989394468984,0
1970-01-01 09:42:00,-0.29539528646723523,-0.29539528646723523,0
1970-01-01 09:43:00,0.06199071573571869,0.06199071573571869,0
1970-01-01 09:44:00,-0.10232729515306943,-0.10232729515306943,0
1970-01-01 09:45:00,0.1481054951071968,0.1481054951071968,0
1970-01-01 09:46:00,-0.02427339327700369,-0.02427339327700369,0
1970-01-01 09:47:00,-0.29859963974854953,-0.29859963974854953,0
1970-01-01 09:48:00,0.6096496883873397,0.6096496883873397,0
1970-01-01 09:49:00,-0.621573962240603,-0.621573962240603,0
1970-01-01 09:50:00,0.3656478105760675,0.3656478105760675,0
1970-01-01 09:51:00,-0.0639207513400575,-0.0639207513400575,0
1970-01-01 09:52:00,-0.06540581493999473,-0.06540581493999473,0
1970-01-01 09:53:00,0.027966318514778748,0.027966318514778748,0
1970-01-01 09:54:00,-0.040339889738756796,-0.040339889738756796,0
1970-01-01 09:55:00,0.16795986553352774,0.16795986553352774,0
1970-01-01 09:56:00,-0.2676598430191665,-0.2676598430191665,0
1970-01-01 09:57:00,0.23879605951643956,0.23879605951643956,0
1970-01-01 09:58:00,-0.29501684877273615,-0.29501684877273615,0
1970-01-01 09:59:00,0.5964070224207406,0.5964070224207406,0
1970-01-01 10:00:00,-0.8826998021616205,-0.8826998021616205,0
1970-01-01 10:01:00,0.861157930677238,0.861157930677238,0
1970-01-01 10:02:00,-0.5650364769459195,-0.5650364769459195,0
1970-01-01 10:03:00,0.15382350058682087,0.15382350058682087,0
1970-01-01 10:04:00,0.11346205384623867,0.11346205384623867,0
1970-01-01 10:05:00,-0.11791007530240266,-0.11791007530240266,0
1970-01-01 10:06:00,0.19711146348911043,0.19711146348911043,0
1970-01-01 10:07:00,-0.5670034884498332,-0.5670034884498332,0
1970-01-01 10:08:00,0.828266258041022,0.828266258041022,0
1970-01-01 10:09:00,-0.6203361962264776,-0.6203361962264776,0
1970-01-01 10:10:00,0.19988081477830766,0.19988081477830766,0
1970-01-01 10:11:00,0.1043119820699603,0.1043119820699603,0
1970-01-01 10:12:00,-0.24980020030860658,-0.24980020030860658,0
1970-01-01 10:13:00,0.3525459839548493,0.3525459839548493,0
1970-01-01 10:14:00,-0.5187235109972584,-0.5187235109972584,0
1970-01-01 10:15:00,0.7514163060543019,0.7514163060543019,0
1970-01-01 10:16:00,-0.8362302362437883,-0.8362302362437883,0
1970-01-01 10:17:00,0.6003234361442256,0.6003234361442256,0
1970-01-01 10:18:00,-0.22758448963917316,-0.22758448963917316,0
1970-01-01 10:19:00,0.028130357798890903,0.028130357798890903,0
1970-01-01 10:20:00,-0.058715620501123285,-0.058715620501123285,0
1970-01-01 10:21:00,0.10061680192074082,0.10061680192074082,0
1970-01-01 10:22:00,-0.04322541771323623,-0.04322541771323623,0
1970-01-01 10:23:00,-0.005177255675737876,-0.005177255675737876,0
1970-01-01 10:24:00,-0.08936772138470936,-0.08936772138470936,0
1970-01-01 10:25:00,0.24892849906067702,0.24892849906067702,0
1970-01-01 10:26:00,-0.26247031335717264,-0.26247031335717264,0
1970-01-01 10:27:00,0.06521926804011056,0.06521926804011056,0
1970-01-01 10:28:00,0.155023906662358,0.155023906662358,0
1970-01-01 10:29:00,-0.1463194527900732,-0.1463194527900732,0
1970-01-01 10:30:00,-0.00801298509630343,-0.00801298509630343,0
1970-01-01 10:31:00,0.031092287201681505,0.031092287201681505,0
1970-01-01 10:32:00,0.13614596761440886,0.13614596761440886,0
1970-01-01 10:33:00,-0.3379097438954633,-0.3379097438954633,0
1970-01-01 10:34:00,0.36373687251463405,0.36373687251463405,0
1970-01-01 10:35:00,-0.13855020678584368,-0.13855020678584368,0
1970-01-01 10:36:00,-0.19971285358084004,-0.19971285358084004,0
1970-01-01 10:37:00,0.5276332832262978,0.5276332832262978,0
1970-01-01 10:38:00,-0.6866252058014362,-0.6866252058014362,0
1970-01-01 10:39:00,0.5397669502145424,0.5397669502145424,0
1970-01-01 10:40:00,-0.11504174182090213,-0.11504174182090213,0
1970-01-01 10:41:00,-0.4954043369630639,-0.4954043369630639,0
1970-01-01 10:42:00,0.8309339491099413,0.8309339491099413,0
1970-01-01 10:43:00,-0.5473199304811135,-0.5473199304811135,0
1970-01-01 10:44:00,0.06923446431086494,0.06923446431086494,0
1970-01-01 10:45:00,0.2181803389723339,0.2181803389723339,0
1970-01-01 10:46:00,-0.3812865912904888,-0.3812865912904888,0
1970-01-01 10:47:00,0.48620613601657564,0.48620613601657564,0
1970-01-01 10:48:00,-0.48353136722796736,-0.48353136722796736,0
1970-01-01 10:49:00,0.2896099972014309,0.2896099972014309,0
1970-01-01 10:50:00,0.013962561037886744,0.013962561037886744,0
1970-01-01 10:51:00,-0.2877443472149943,-0.2877443472149943,0
1970-01-01 10:52:00,0.48122695553075107,0.48122695553075107,0
1970-01-01 10:53:00,-0.5751941748791025,-0.5751941748791025,0
1970-01-01 10:54:00,0.5867937066650052,0.5867937066650052,0
1970-01-01 10:55:00,-0.6449865180758221,-0.6449865180758221,0
1970-01-01 10:56:00,0.7759300618118167,0.7759300618118167,0
1970-01-01 10:57:00,-0.6761440827845712,-0.6761440827845712,0
1970-01-01 10:58:00,0.2813127518361583,0.2813127518361583,0
1970-01-01 10:59:00,0.0737071327335875,0.0737071327335875,0
1970-01-01 11:00:00,-0.25858425199240026,-0.25858425199240026,0
1970-01-01 11:01:00,0.40431650989915013,0.40431650989915013,0
1970-01-01 11:02:00,-0.43544060146116337,-0.43544060146116337,0
1970-01-01 11:03:00,0.4179826571411001,0.4179826571411001,0
1970-01-01 11:04:00,-0.547578115518762,-0.547578115518762,0
1970-01-01 11:05:00,0.49983171124743964,0.49983171124743964,0
1970-01-01 11:06:00,-0.15121026715867186,-0.15121026715867186,0
1970-01-01 11:07:00,-0.12169181231860035,-0.12169181231860035,0
1970-01-01 11:08:00,0.2347770571025946,0.2347770571025946,0
1970-01-01 11:09:00,-0.20677460920222765,-0.20677460920222765,0
1970-01-01 11:10:00,-0.05196829819866266,-0.05196829819866266,0
1970-01-01 11:11:00,0.27195663974752365,0.27195663974752365,0
1970-01-01 11:12:00,-0.059888859864159975,-0.059888859864159975,0
1970-01-01 11:13:00,-0.4118680210115521,-0.4118680210115521,0
1970-01-01 11:14:00,0.5386019196218534,0.5386019196218534,0
1970-01-01 11:15:00,-0.1449568081104736,-0.1449568081104736,0
1970-01-01 11:16:00,-0.3218904852013497,-0.3218904852013497,0
1970-01-01 11:17:00,0.4553897248022621,0.4553897248022621,0
1970-01-01 11:18:00,-0.32808925528164834,-0.32808925528164834,0
1970-01-01 11:19:00,0.2546115396111102,0.2546115396111102,0
1970-01-01 11:20:00,-0.30853326589435337,-0.30853326589435337,0
1970-01-01 11:21:00,0.246720279955884,0.246720279955884,0
1970-01-01 11:22:00,0.03043004846581158,0.03043004846581158,0
1970-01-01 11:23:00,-0.2548429923949732,-0.2548429923949732,0
1970-01-01 11:24:00,0.29756912893284676,0.29756912893284676,0
1970-01-01 11:25:00,-0.313148937715521,-0.313148937715521,0
1970-01-01 11:26:00,0.4038019826384943,0.4038019826384943,0
1970-01-01 11:27:00,-0.4236666864410062,-0.4236666864410062,0
1970-01-01 11:28:00,0.24881239614047276,0.24881239614047276,0
1970-01-01 11:29:00,-0.08464474902949037,-0.08464474902949037,0
1970-01-01 11:30:00,0.013690068187684161,0.013690068187684161,0
1970-01-01 11:31:00,0.13571584855073515,0.13571584855073515,0
1970-01-01 11:32:00,-0.40103640519996664,-0.40103640519996664,0
1970-01-01 11:33:00,0.6333594120218238,0.6333594120218238,0
1970-01-01 11:34:00,-0.6278725992304378,-0.6278725992304378,0
1970-01-01 11:35:00,0.31934456229736197,0.31934456229736197,0
1970-01-01 11:36:00,-0.029449518153884656,-0.029449518153884656,0
1970-01-01 11:37:00,0.0774989564702035,0.0774989564702035,0
1970-01-01 11:38:00,-0.2778029281473954,-0.2778029281473954,0
1970-01-01 11:39:00,0.3544745864028393,0.3544745864028393,0
1970-01-01 11:40:00,-0.2165480397159062,-0.2165480397159062,0
1970-01-01 11:41:00,-0.036306484212917225,-0.036306484212917225,0
1970-01-01 11:42:00,0.2510309384410646,0.2510309384410646,0
1970-01-01 11:43:00,-0.3276821322098636,-0.3276821322098636,0
1970-01-01 11:44:00,0.1540505561984629,0.1540505561984629,0
1970-01-01 11:45:00,0.1083038875469757,0.1083038875469757,0
1970-01-01 11:46:00,-0.26991103149577245,-0.26991103149577245,0
1970-01-01 11:47:00,0.2366685007821267,0.2366685007821267,0
1970-01-01 11:48:00,0.0636050505140165,0.0636050505140165,0
1970-01-01 11:49:00,-0.45531038042347804,-0.45531038042347804,0
1970-01-01 11:50:00,0.6545843746859032,0.6545843746859032,0
1970-01-01 11:51:00,-0.6327091218191373,-0.6327091218191373,0
1970-01-01 11:52:00,0.5535471639765288,0.5535471639765288,0
1970-01-01 11:53:00,-0.4184394600204362,-0.4184394600204362,0
1970-01-01 11:54:00,0.20079025308677342,0.20079025308677342,0
1970-01-01 11:55:00,0.04404044016754513,0.04404044016754513,0
1970-01-01 11:56:00,-0.26069059757206836,-0.26069059757206836,0
1970-01-01 11:57:00,0.33511629851382807,0.33511629851382807,0
1970-01-01 11:58:00,-0.14418795677977517,-0.14418795677977517,0
1970-01-01 11:59:00,-0.10758561292641186,-0.10758561292641186,0
1970-01-01 12:00:00,-0.058176003858090415,-0.058176003858090415,0
1970-01-01 12:01:00,0.6496665290085765,0.6496665290085765,0
1970-01-01 12:02:00,-1.0462066895180975,-1.0462066895180975,0
1970-01-01 12:03:00,0.8114386113551508,0.8114386113551508,0
1970-01-01 12:04:00,-0.3394017130609216,-0.3394017130609216,0
1970-01-01 12:05:00,0.17686572079609733,0.17686572079609733,0
1970-01-01 12:06:00,-0.34709793921802706,-0.34709793921802706,0
1970-01-01 12:07:00,0.5509325066685418,0.5509325066685418,0
1970-01-01 12:08:00,-0.4807129535347169,-0.4807129535347169,0
1970-01-01 12:09:00,0.2088763709753255,0.2088763709753255,0
1970-01-01 12:10:00,0.0155463112246543,0.0155463112246543,0
1970-01-01 12:11:00,-0.09795509082745098,-0.09795509082745098,0
1970-01-01 12:12:00,-0.023854510941884517,-0.023854510941884517,0
1970-01-01 12:13:00,0.32533699395497195,0.32533699395497195,0
1970-01-01 12:14:00,-0.5610933726913326,-0.5610933726913326,0
1970-01-01 12:15:00,0.4665930022660813,0.4665930022660813,0
1970-01-01 12:16:00,-0.09971029612288733,-0.09971029612288733,0
1970-01-01 12:17:00,-0.23543540833316506,-0.23543540833316506,0
1970-01-01 12:18:00,0.24194582105310386,0.24194582105310386,0
1970-01-01 12:19:00,0.18526117009915813,0.18526117009915813,0
1970-01-01 12:20:00,-0.690539496833064,-0.690539496833064,0
1970-01-01 12:21:00,0.7000753442188627,0.7000753442188627,0
1970-01-01 12:22:00,-0.22437254227397088,-0.22437254227397088,0
1970-01-01 12:23:00,-0.11998868783023635,-0.11998868783023635,0
1970-01-01 12:24:00,0.15038988980283768,0.15038988980283768,0
1970-01-01 12:25:00,-0.2003905401712455,-0.2003905401712455,0
1970-01-01 12:26:00,0.27034566543677435,0.27034566543677435,0
1970-01-01 12:27:00,-0.26994220429474136,-0.26994220429474136,0
1970-01-01 12:28:00,0.38437847847626316,0.38437847847626316,0
1970-01-01 12:29:00,-0.7408212742708854,-0.7408212742708854,0
1970-01-01 12:30:00,1.133962888037351,1.133962888037351,0
1970-01-01 12:31:00,-1.3153132167703006,-1.3153132167703006,0
1970-01-01 12:32:00,1.2253265832023044,1.2253265832023044,0
1970-01-01 12:33:00,-0.8557350666910245,-0.8557350666910245,0
1970-01-01 12:34:00,0.29992184555486673,0.29992184555486673,0
1970-01-01 12:35:00,0.2076226030276875,0.2076226030276875,0
1970-01-01 12:36:00,-0.6272163375310682,-0.6272163375310682,0
1970-01-01 12:37:00,0.9720210191114973,0.9720210191114973,0
1970-01-01 12:38:00,-1.0264972254483236,-1.0264972254483236,0
1970-01-01 12:39:00,0.8116824143774363,0.8116824143774363,0
1970-01-01 12:40:00,-0.6522410602970895,-0.6522410602970895,0
1970-01-01 12:41:00,0.5919466259122645,0.5919466259122645,0
1970-01-01 12:42:00,-0.326834113682022,-0.326834113682022,0
1970-01-01 12:43:00,0.09301461304335047,0.09301461304335047,0
1970-01-01 12:44:00,-0.2727837181282036,-0.2727837181282036,0
1970-01-01 12:45:00,0.47412961719500285,0.47412961719500285,0
1970-01-01 12:46:00,-0.49671349870361486,-0.49671349870361486,0
1970-01-01 12:47:00,0.46062702021054264,0.46062702021054264,0
1970-01-01 12:48:00,-0.2106236581367476,-0.2106236581367476,0
1970-01-01 12:49:00,-0.08999926552929184,-0.08999926552929184,0
1970-01-01 12:50:00,0.14295245969690043,0.14295245969690043,0
1970-01-01 12:51:00,-0.06363568686594433,-0.06363568686594433,0
1970-01-01 12:52:00,0.11609977533018348,0.11609977533018348,0
1970-01-01 12:53:00,-0.43300757290160635,-0.43300757290160635,0
1970-01-01 12:54:00,0.795000970236494,0.795000970236494,0
1970-01-01 12:55:00,-0.75227469888628,-0.75227469888628,0
1970-01-01 12:56:00,0.32534807785441716,0.32534807785441716,0
1970-01-01 12:57:00,-0.02142591769773195,-0.02142591769773195,0
1970-01-01 12:58:00,0.004217916923347268,0.004217916923347268,0
1970-01-01 12:59:00,-0.0022930207608700347,-0.0022930207608700347,0
1970-01-01 13:00:00,0.030765506566717494,0.030765506566717494,0
1970-01-01 13:01:00,-0.2812802633988508,-0.2812802633988508,0
1970-01-01 13:02:00,0.6606353091383375,0.6606353091383375,0
1970-01-01 13:03:00,-0.9011077459658559,-0.9011077459658559,0
1970-01-01 13:04:00,0.913457459683943,0.913457459683943,0
1970-01-01 13:05:00,-0.8603022020704238,-0.8603022020704238,0
1970-01-01 13:06:00,0.6152963208333446,0.6152963208333446,0
1970-01-01 13:07:00,0.022578580049556804,0.022578580049556804,0
1970-01-01 13:08:00,-0.6873328827319847,-0.6873328827319847,0
1970-01-01 13:09:00,0.6552036417082204,0.6552036417082204,0
1970-01-01 13:10:00,0.1775986957278777,0.1775986957278777,0
1970-01-01 13:11:00,-0.841847164747631,-0.841847164747631,0
1970-01-01 13:12:00,0.7128377087348498,0.7128377087348498,0
1970-01-01 13:13:00,-0.18334078530315476,-0.18334078530315476,0
1970-01-01 13:14:00,-0.31025146879112725,-0.31025146879112725,0
1970-01-01 13:15:00,0.6304003636287155,0.6304003636287155,0
1970-01-01 13:16:00,-0.5970533179425608,-0.5970533179425608,0
1970-01-01 13:17:00,0.21790414738762331,0.21790414738762331,0
1970-01-01 13:18:00,0.25107177343472786,0.25107177343472786,0
1970-01-01 13:19:00,-0.6489225499213427,-0.6489225499213427,0
1970-01-01 13:20:00,0.8185877256688221,0.8185877256688221,0
1970-01-01 13:21:00,-0.6603027423985567,-0.6603027423985567,0
1970-01-01 13:22:00,0.4462631144047206,0.4462631144047206,0
1970-01-01 13:23:00,-0.46655051825195226,-0.46655051825195226,0
1970-01-01 13:24:00,0.5847323105054582,0.5847323105054582,0
1970-01-01 13:25:00,-0.5047760236764322,-0.5047760236764322,0
1970-01-01 13:26:00,0.08733415436944426,0.08733415436944426,0
1970-01-01 13:27:00,0.3404115437658533,0.3404115437658533,0
1970-01-01 13:28:00,-0.4198516691203116,-0.4198516691203116,0
1970-01-01 13:29:00,0.20770064706918337,0.20770064706918337,0
1970-01-01 13:30:00,0.1646223778627654,0.1646223778627654,0
1970-01-01 13:31:00,-0.4867053077154649,-0.4867053077154649,0
1970-01-01 13:32:00,0.5408820370768991,0.5408820370768991,0
1970-01-01 13:33:00,-0.4009261468965136,-0.4009261468965136,0
1970-01-01 13:34:00,0.14128771527849626,0.14128771527849626,0
1970-01-01 13:35:00,0.18713655173130597,0.18713655173130597,0
1970-01-01 13:36:00,-0.31225110693101393,-0.31225110693101393,0
1970-01-01 13:37:00,0.0694281973311489,0.0694281973311489,0
1970-01-01 13:38:00,0.22689080605980533,0.22689080605980533,0
1970-01-01 13:39:00,-0.3566631977741303,-0.3566631977741303,0
1970-01-01 13:40:00,0.5569572219379091,0.5569572219379091,0
1970-01-01 13:41:00,-0.7558966431855315,-0.7558966431855315,0
1970-01-01 13:42:00,0.5870989067716933,0.5870989067716933,0
1970-01-01 13:43:00,-0.09747481614529156,-0.09747481614529156,0
1970-01-01 13:44:00,-0.33060125861719314,-0.33060125861719314,0
1970-01-01 13:45:00,0.5780815821548947,0.5780815821548947,0
1970-01-01 13:46:00,-0.7207399371918579,-0.7207399371918579,0
1970-01-01 13:47:00,0.6153243431265935,0.6153243431265935,0
1970-01-01 13:48:00,-0.31616419411193525,-0.31616419411193525,0
1970-01-01 13:49:00,0.04961764717900314,0.04961764717900314,0
1970-01-01 13:50:00,0.1320921096356727,0.1320921096356727,0
1970-01-01 13:51:00,-0.24407157288901632,-0.24407157288901632,0
1970-01-01 13:52:00,0.3957624065316839,0.3957624065316839,0
1970-01-01 13:53:00,-0.5168378627707824,-0.5168378627707824,0
1970-01-01 13:54:00,0.5213676129760298,0.5213676129760298,0
1970-01-01 13:55:00,-0.5266813759855744,-0.5266813759855744,0
1970-01-01 13:56:00,0.41118055874486786,0.41118055874486786,0
1970-01-01 13:57:00,-0.13812840334110665,-0.13812840334110665,0
1970-01-01 13:58:00,0.0757551877887913,0.0757551877887913,0
1970-01-01 13:59:00,-0.2036275698880558,-0.2036275698880558,0
1970-01-01 14:00:00,0.15531807771458508,0.15531807771458508,0
1970-01-01 14:01:00,-0.0073380354515307595,-0.0073380354515307595,0
1970-01-01 14:02:00,0.04768998295324707,0.04768998295324707,0
1970-01-01 14:03:00,-0.1757372058402422,-0.1757372058402422,0
1970-01-01 14:04:00,0.166673994264852,0.166673994264852,0
1970-01-01 14:05:00,-0.1766679383659764,-0.1766679383659764,0
1970-01-01 14:06:00,0.4351454663999573,0.4351454663999573,0
1970-01-01 14:07:00,-0.8148100421040801,-0.8148100421040801,0
1970-01-01 14:08:00,1.1000336223933076,1.1000336223933076,0
1970-01-01 14:09:00,-0.8920214002719101,-0.8920214002719101,0
1970-01-01 14:10:00,0.005633944862250366,0.005633944862250366,0
1970-01-01 14:11:00,0.7965927537485308,0.7965927537485308,0
1970-01-01 14:12:00,-0.89530211878257,-0.89530211878257,0
1970-01-01 14:13:00,0.544749905651872,0.544749905651872,0
1970-01-01 14:14:00,-0.1553632030979624,-0.1553632030979624,0
1970-01-01 14:15:00,-0.07960352872357628,-0.07960352872357628,0
1970-01-01 14:16:00,0.11752396829398778,0.11752396829398778,0
1970-01-01 14:17:00,-0.1285966213165681,-0.1285966213165681,0
1970-01-01 14:18:00,0.1906752890696956,0.1906752890696956,0
1970-01-01 14:19:00,-0.0702732571173288,-0.0702732571173288,0
1970-01-01 14:20:00,-0.07784332542978697,-0.07784332542978697,0
1970-01-01 14:21:00,-0.18432385510156776,-0.18432385510156776,0
1970-01-01 14:22:00,0.45134553547973844,0.45134553547973844,0
1970-01-01 14:23:00,-0.07198437555360562,-0.07198437555360562,0
1970-01-01 14:24:00,-0.5857936461050488,-0.5857936461050488,0
1970-01-01 14:25:00,0.7304735951134392,0.7304735951134392,0
1970-01-01 14:26:00,-0.3913104922426609,-0.3913104922426609,0
1970-01-01 14:27:00,0.0657839775056201,0.0657839775056201,0
1970-01-01 14:28:00,0.11199415667886625,0.11199415667886625,0
1970-01-01 14:29:00,-0.12084665368681392,-0.12084665368681392,0
1970-01-01 14:30:00,0.00028365068582137575,0.00028365068582137575,0
1970-01-01 14:31:00,0.1251465154208897,0.1251465154208897,0
1970-01-01 14:32:00,-0.2675588124968574,-0.2675588124968574,0
1970-01-01 14:33:00,0.38511374283565675,0.38511374283565675,0
1970-01-01 14:34:00,-0.26205063503901266,-0.26205063503901266,0
1970-01-01 14:35:00,-0.04694979332663565,-0.04694979332663565,0
1970-01-01 14:36:00,0.1757769998292236,0.1757769998292236,0
1970-01-01 14:37:00,-0.012142075073115436,-0.012142075073115436,0
1970-01-01 14:38:00,-0.1681841325568236,-0.1681841325568236,0
1970-01-01 14:39:00,0.01985726953854379,0.01985726953854379,0
1970-01-01 14:40:00,0.28488551696356473,0.28488551696356473,0
1970-01-01 14:41:00,-0.2031502420569185,-0.2031502420569185,0
1970-01-01 14:42:00,-0.22134218846261877,-0.22134218846261877,0
1970-01-01 14:43:00,0.484372630971187,0.484372630971187,0
1970-01-01 14:44:00,-0.5176082402928902,-0.5176082402928902,0
1970-01-01 14:45:00,0.528997547986101,0.528997547986101,0
1970-01-01 14:46:00,-0.48328888075742565,-0.48328888075742565,0
1970-01-01 14:47:00,0.409540495907241,0.409540495907241,0
1970-01-01 14:48:00,-0.40592872198761315,-0.40592872198761315,0
1970-01-01 14:49:00,0.27410773258690546,0.27410773258690546,0
1970-01-01 14:50:00,0.010154052987303689,0.010154052987303689,0
1970-01-01 14:51:00,-0.20037393876107573,-0.20037393876107573,0
1970-01-01 14:52:00,0.22590817929808232,0.22590817929808232,0
1970-01-01 14:53:00,-0.1267264665876196,-0.1267264665876196,0
1970-01-01 14:54:00,0.1178873399748047,0.1178873399748047,0
1970-01-01 14:55:00,-0.22988737645944157,-0.22988737645944157,0
1970-01-01 14:56:00,0.05122101925884292,0.05122101925884292,0
1970-01-01 14:57:00,0.3224042346367965,0.3224042346367965,0
1970-01-01 14:58:00,-0.47918932190406416,-0.47918932190406416,0
1970-01-01 14:59:00,0.497986605142734,0.497986605142734,0
1970-01-01 15:00:00,-0.5162700975683163,-0.5162700975683163,0
1970-01-01 15:01:00,0.3725787359414973,0.3725787359414973,0
1970-01-01 15:02:00,0.05487215526537519,0.05487215526537519,0
1970-01-01 15:03:00,-0.46384961700546323,-0.46384961700546323,0
1970-01-01 15:04:00,0.5510706550389368,0.5510706550389368,0
1970-01-01 15:05:00,-0.3542498976301323,-0.3542498976301323,0
1970-01-01 15:06:00,0.16487508721413005,0.16487508721413005,0
1970-01-01 15:07:00,-0.20089794601468391,-0.20089794601468391,0
1970-01-01 15:08:00,0.29042854480824476,0.29042854480824476,0
1970-01-01 15:09:00,-0.2288279448338509,-0.2288279448338509,0
1970-01-01 15:10:00,-0.016745485587795206,-0.016745485587795206,0
1970-01-01 15:11:00,0.31222703651303,0.31222703651303,0
1970-01-01 15:12:00,-0.4531885913103595,-0.4531885913103595,0
1970-01-01 15:13:00,0.36931672482189,0.36931672482189,0
1970-01-01 15:14:00,-0.05089708895458025,-0.05089708895458025,0
1970-01-01 15:15:00,-0.41588129625093634,-0.41588129625093634,0
1970-01-01 15:16:00,0.7652694549162984,0.7652694549162984,0
1970-01-01 15:17:00,-0.7520530677029621,-0.7520530677029621,0
1970-01-01 15:18:00,0.442699770029445,0.442699770029445,0
1970-01-01 15:19:00,-0.14272000208373045,-0.14272000208373045,0
1970-01-01 15:20:00,0.00013205841053056666,0.00013205841053056666,0
1970-01-01 15:21:00,-0.09609848676902116,-0.09609848676902116,0
1970-01-01 15:22:00,0.4070613949160043,0.4070613949160043,0
1970-01-01 15:23:00,-0.6069653964432467,-0.6069653964432467,0
1970-01-01 15:24:00,0.3239889632156631,0.3239889632156631,0
1970-01-01 15:25:00,0.4685342249438197,0.4685342249438197,0
1970-01-01 15:26:00,-1.1430391261264832,-1.1430391261264832,0
1970-01-01 15:27:00,0.9218624657164606,0.9218624657164606,0
1970-01-01 15:28:00,0.002213757611630814,0.002213757611630814,0
1970-01-01 15:29:00,-0.6807587547087615,-0.6807587547087615,0
1970-01-01 15:30:00,0.7045047432554538,0.7045047432554538,0
1970-01-01 15:31:00,-0.448051781848483,-0.448051781848483,0
1970-01-01 15:32:00,0.31059082621834194,0.31059082621834194,0
1970-01-01 15:33:00,-0.32455901526588155,-0.32455901526588155,0
1970-01-01 15:34:00,0.3051624219558542,0.3051624219558542,0
1970-01-01 15:35:00,-0.16266799728541997,-0.16266799728541997,0
1970-01-01 15:36:00,0.08178873699095049,0.08178873699095049,0
1970-01-01 15:37:00,-0.0323984627499634,-0.0323984627499634,0
1970-01-01 15:38:00,-0.19601555740128832,-0.19601555740128832,0
1970-01-01 15:39:00,0.45741118554376714,0.45741118554376714,0
1970-01-01 15:40:00,-0.544635610164087,-0.544635610164087,0
1970-01-01 15:41:00,0.5651091122105786,0.5651091122105786,0
1970-01-01 15:42:00,-0.5968924117147688,-0.5968924117147688,0
1970-01-01 15:43:00,0.46547556125221007,0.46547556125221007,0
1970-01-01 15:44:00,-0.14422031988248926,-0.14422031988248926,0
1970-01-01 15:45:00,-0.1127736872585881,-0.1127736872585881,0
1970-01-01 15:46:00,-0.04313642562655805,-0.04313642562655805,0
1970-01-01 15:47:00,0.5796378939386858,0.5796378939386858,0
1970-01-01 15:48:00,-1.0362068681752277,-1.0362068681752277,0
1970-01-01 15:49:00,1.0952222945222567,1.0952222945222567,0
1970-01-01 15:50:00,-0.7397112032258989,-0.7397112032258989,0
1970-01-01 15:51:00,0.22450747163089885,0.22450747163089885,0
1970-01-01 15:52:00,-0.04803751132070842,-0.04803751132070842,0
1970-01-01 15:53:00,0.35397557279665176,0.35397557279665176,0
1970-01-01 15:54:00,-0.5598812923866847,-0.5598812923866847,0
1970-01-01 15:55:00,0.3717411828574846,0.3717411828574846,0
1970-01-01 15:56:00,-0.3290563010261838,-0.3290563010261838,0
1970-01-01 15:57:00,0.682637297143663,0.682637297143663,0
1970-01-01 15:58:00,-1.0050967893271359,-1.0050967893271359,0
1970-01-01 15:59:00,1.045390910988287,1.045390910988287,0
1970-01-01 16:00:00,-0.8201889898269747,-0.8201889898269747,0
1970-01-01 16:01:00,0.554224539008909,0.554224539008909,0
1970-01-01 16:02:00,-0.5786148060276185,-0.5786148060276185,0
1970-01-01 16:03:00,0.722860631258641,0.722860631258641,0
1970-01-01 16:04:00,-0.7236745917462232,-0.7236745917462232,0
1970-01-01 16:05:00,0.6897846486151096,0.6897846486151096,0
1970-01-01 16:06:00,-0.6937189914427324,-0.6937189914427324,0
1970-01-01 16:07:00,0.5848873106164904,0.5848873106164904,0
1970-01-01 16:08:00,-0.26194045568385455,-0.26194045568385455,0
1970-01-01 16:09:00,-0.10817326933584598,-0.10817326933584598,0
1970-01-01 16:10:00,0.3107211946911858,0.3107211946911858,0
1970-01-01 16:11:00,-0.25836536548806366,-0.25836536548806366,0
1970-01-01 16:12:00,0.13826186970977272,0.13826186970977272,0
1970-01-01 16:13:00,-0.16915241139643886,-0.16915241139643886,0
1970-01-01 16:14:00,0.15323776366525194,0.15323776366525194,0
1970-01-01 16:15:00,0.1567208763309095,0.1567208763309095,0
1970-01-01 16:16:00,-0.504146453170968,-0.504146453170968,0
1970-01-01 16:17:00,0.5562313494215412,0.5562313494215412,0
1970-01-01 16:18:00,-0.3676476533461088,-0.3676476533461088,0
1970-01-01 16:19:00,0.1457688959615791,0.1457688959615791,0
1970-01-01 16:20:00,-0.030924641715045408,-0.030924641715045408,0
1970-01-01 16:21:00,0.15068874324295353,0.15068874324295353,0
1970-01-01 16:22:00,-0.5246532101379558,-0.5246532101379558,0
1970-01-01 16:23:00,0.9037206096857021,0.9037206096857021,0
1970-01-01 16:24:00,-0.9416750534098516,-0.9416750534098516,0
1970-01-01 16:25:00,0.5375999140611634,0.5375999140611634,0
1970-01-01 16:26:00,0.012942610447833588,0.012942610447833588,0
1970-01-01 16:27:00,-0.4612395353789225,-0.4612395353789225,0
1970-01-01 16:28:00,0.7770988402129704,0.7770988402129704,0
1970-01-01 16:29:00,-0.7998777117049317,-0.7998777117049317,0
1970-01-01 16:30:00,0.5168707153481752,0.5168707153481752,0
1970-01-01 16:31:00,-0.21925414482356367,-0.21925414482356367,0
1970-01-01 16:32:00,0.07420521479944643,0.07420521479944643,0
1970-01-01 16:33:00,0.06258388084116027,0.06258388084116027,0
1970-01-01 16:34:00,-0.2900139142137439,-0.2900139142137439,0
1970-01-01 16:35:00,0.4074193879779404,0.4074193879779404,0
1970-01-01 16:36:00,-0.33447802187536685,-0.33447802187536685,0
1970-01-01 16:37:00,0.32276399353742213,0.32276399353742213,0
1970-01-01 16:38:00,-0.5408660700109263,-0.5408660700109263,0
1970-01-01 16:39:00,0.5481321271793067,0.5481321271793067,0
1970-01-01 16:40:00,-0.11013296756529327,-0.11013296756529327,0
1970-01-01 16:41:00,-0.16514651154237633,-0.16514651154237633,0
1970-01-01 16:42:00,-0.0710014101748075,-0.0710014101748075,0
1970-01-01 16:43:00,0.4204111416139725,0.4204111416139725,0
1970-01-01 16:44:00,-0.5302652976522074,-0.5302652976522074,0
1970-01-01 16:45:00,0.43873279059731285,0.43873279059731285,0
1970-01-01 16:46:00,-0.21538729921343686,-0.21538729921343686,0
1970-01-01 16:47:00,-0.02688848964630924,-0.02688848964630924,0
1970-01-01 16:48:00,0.2459395438656075,0.2459395438656075,0
1970-01-01 16:49:00,-0.4922100916847446,-0.4922100916847446,0
1970-01-01 16:50:00,0.7789904798084031,0.7789904798084031,0
1970-01-01 16:51:00,-0.9021404118677618,-0.9021404118677618,0
1970-01-01 16:52:00,0.6142607040369737,0.6142607040369737,0
1970-01-01 16:53:00,-0.16080346683249386,-0.16080346683249386,0
1970-01-01 16:54:00,-0.01440577247106584,-0.01440577247106584,0
1970-01-01 16:55:00,-0.17311321282032932,-0.17311321282032932,0
1970-01-01 16:56:00,0.33126076738819893,0.33126076738819893,0
1970-01-01 16:57:00,-0.26421413606333083,-0.26421413606333083,0
1970-01-01 16:58:00,0.29676073851468393,0.29676073851468393,0
1970-01-01 16:59:00,-0.6029532704557998,-0.6029532704557998,0
1970-01-01 17:00:00,0.7318580234112957,0.7318580234112957,0
1970-01-01 17:01:00,-0.3979857079387213,-0.3979857079387213,0
1970-01-01 17:02:00,0.060945067856358295,0.060945067856358295,0
1970-01-01 17:03:00,-0.05479940448776897,-0.05479940448776897,0
1970-01-01 17:04:00,-0.02770307799702251,-0.02770307799702251,0
1970-01-01 17:05:00,0.38641003856163664,0.38641003856163664,0
1970-01-01 17:06:00,-0.3783744208043954,-0.3783744208043954,0
1970-01-01 17:07:00,-0.18720440979546435,-0.18720440979546435,0
1970-01-01 17:08:00,0.5737210405309605,0.5737210405309605,0
1970-01-01 17:09:00,-0.39926249827292887,-0.39926249827292887,0
1970-01-01 17:10:00,-0.046070221705148205,-0.046070221705148205,0
1970-01-01 17:11:00,0.35754491214595774,0.35754491214595774,0
1970-01-01 17:12:00,-0.3328897122626894,-0.3328897122626894,0
1970-01-01 17:13:00,0.04538907906986149,0.04538907906986149,0
1970-01-01 17:14:00,0.25922494527262174,0.25922494527262174,0
1970-01-01 17:15:00,-0.31821514827967995,-0.31821514827967995,0
1970-01-01 17:16:00,0.07341726633042639,0.07341726633042639,0
1970-01-01 17:17:00,0.3841961823880311,0.3841961823880311,0
1970-01-01 17:18:00,-0.7489403356333516,-0.7489403356333516,0
1970-01-01 17:19:00,0.7366070700740681,0.7366070700740681,0
1970-01-01 17:20:00,-0.4805410654365042,-0.4805410654365042,0
1970-01-01 17:21:00,0.24001416391382352,0.24001416391382352,0
1970-01-01 17:22:00,-0.08002724378116287,-0.08002724378116287,0
1970-01-01 17:23:00,-0.16114341123478007,-0.16114341123478007,0
1970-01-01 17:24:00,0.4556514113298444,0.4556514113298444,0
1970-01-01 17:25:00,-0.4415240273878523,-0.4415240273878523,0
1970-01-01 17:26:00,0.03000184550531328,0.03000184550531328,0
1970-01-01 17:27:00,0.3786758171327265,0.3786758171327265,0
1970-01-01 17:28:00,-0.1432276397548161,-0.1432276397548161,0
1970-01-01 17:29:00,-0.741575557959078,-0.741575557959078,0
1970-01-01 17:30:00,1.3111119006220338,1.3111119006220338,0
1970-01-01 17:31:00,-0.901640803330498,-0.901640803330498,0
1970-01-01 17:32:00,-0.07664803584656017,-0.07664803584656017,0
1970-01-01 17:33:00,0.7282135032290429,0.7282135032290429,0
1970-01-01 17:34:00,-0.6302994105020665,-0.6302994105020665,0
1970-01-01 17:35:00,0.29080820985641653,0.29080820985641653,0
1970-01-01 17:36:00,-0.28298570075898805,-0.28298570075898805,0
1970-01-01 17:37:00,0.463450218640952,0.463450218640952,0
1970-01-01 17:38:00,-0.2828982045708235,-0.2828982045708235,0
1970-01-01 17:39:00,-0.38049639477022473,-0.38049639477022473,0
1970-01-01 17:40:00,0.7946410701218855,0.7946410701218855,0
1970-01-01 17:41:00,-0.364802336469766,-0.364802336469766,0
1970-01-01 17:42:00,-0.5167537025681816,-0.5167537025681816,0
1970-01-01 17:43:00,0.7230704563005543,0.7230704563005543,0
1970-01-01 17:44:00,0.07507229784986012,0.07507229784986012,0
1970-01-01 17:45:00,-0.7467216038514388,-0.7467216038514388,0
1970-01-01 17:46:00,0.48917956073446667,0.48917956073446667,0
1970-01-01 17:47:00,0.18374572920666576,0.18374572920666576,0
1970-01-01 17:48:00,-0.4917060254053142,-0.4917060254053142,0
1970-01-01 17:49:00,0.3781385110444893,0.3781385110444893,0
1970-01-01 17:50:00,-0.183994000638284,-0.183994000638284,0
1970-01-01 17:51:00,0.29544484531780857,0.29544484531780857,0
1970-01-01 17:52:00,-0.6130302596651228,-0.6130302596651228,0
1970-01-01 17:53:00,0.6733125336440415,0.6733125336440415,0
1970-01-01 17:54:00,-0.4822015598466601,-0.4822015598466601,0
1970-01-01 17:55:00,0.34882599096890327,0.34882599096890327,0
1970-01-01 17:56:00,-0.35775634513819277,-0.35775634513819277,0
1970-01-01 17:57:00,0.34127079547331635,0.34127079547331635,0
1970-01-01 17:58:00,-0.30008605273044553,-0.30008605273044553,0
1970-01-01 17:59:00,0.31356267256296466,0.31356267256296466,0
1970-01-01 18:00:00,-0.28041295652597004,-0.28041295652597004,0
1970-01-01 18:01:00,0.08198664799011883,0.08198664799011883,0
1970-01-01 18:02:00,0.16192667173145103,0.16192667173145103,0
1970-01-01 18:03:00,-0.3711305623021684,-0.3711305623021684,0
1970-01-01 18:04:00,0.45642299566413436,0.45642299566413436,0
1970-01-01 18:05:00,-0.23446413484726858,-0.23446413484726858,0
1970-01-01 18:06:00,-0.04451873801557383,-0.04451873801557383,0
1970-01-01 18:07:00,-0.14564741067402337,-0.14564741067402337,0
1970-01-01 18:08:00,0.8730158532264553,0.8730158532264553,0
1970-01-01 18:09:00,-1.4964027741009671,-1.4964027741009671,0
1970-01-01 18:10:00,1.4515188573918247,1.4515188573918247,0
1970-01-01 18:11:00,-0.9223698491400548,-0.9223698491400548,0
1970-01-01 18:12:00,0.3221397429581774,0.3221397429581774,0
1970-01-01 18:13:00,0.18554667030329908,0.18554667030329908,0
1970-01-01 18:14:00,-0.49265949351996524,-0.49265949351996524,0
1970-01-01 18:15:00,0.45864865963459067,0.45864865963459067,0
1970-01-01 18:16:00,-0.2528967747695304,-0.2528967747695304,0
1970-01-01 18:17:00,0.35712123593889944,0.35712123593889944,0
1970-01-01 18:18:00,-0.6845375005912916,-0.6845375005912916,0
1970-01-01 18:19:00,0.6229692474093407,0.6229692474093407,0
1970-01-01 18:20:00,-0.13733864798330092,-0.13733864798330092,0
1970-01-01 18:21:00,-0.2605279112252086,-0.2605279112252086,0
1970-01-01 18:22:00,0.3012860822489458,0.3012860822489458,0
1970-01-01 18:23:00,-0.02678810283867792,-0.02678810283867792,0
1970-01-01 18:24:00,-0.32657465112945516,-0.32657465112945516,0
1970-01-01 18:25:00,0.4394602087061139,0.4394602087061139,0
1970-01-01 18:26:00,-0.3192022856213497,-0.3192022856213497,0
1970-01-01 18:27:00,0.2418105964650399,0.2418105964650399,0
1970-01-01 18:28:00,-0.3698602482756978,-0.3698602482756978,0
1970-01-01 18:29:00,0.5824033905743428,0.5824033905743428,0
1970-01-01 18:30:00,-0.6297513201656848,-0.6297513201656848,0
1970-01-01 18:31:00,0.492346043017373,0.492346043017373,0
1970-01-01 18:32:00,-0.2352778774964176,-0.2352778774964176,0
1970-01-01 18:33:00,-0.07387558299724169,-0.07387558299724169,0
1970-01-01 18:34:00,0.35390854859305243,0.35390854859305243,0
1970-01-01 18:35:00,-0.6147072686048888,-0.6147072686048888,0
1970-01-01 18:36:00,0.8204755618442086,0.8204755618442086,0
1970-01-01 18:37:00,-0.8222488675249499,-0.8222488675249499,0
1970-01-01 18:38:00,0.43827081337602053,0.43827081337602053,0
1970-01-01 18:39:00,0.05823877984603572,0.05823877984603572,0
1970-01-01 18:40:00,-0.2701175405658696,-0.2701175405658696,0
1970-01-01 18:41:00,0.258968193378555,0.258968193378555,0
1970-01-01 18:42:00,-0.16430637718157928,-0.16430637718157928,0
1970-01-01 18:43:00,-0.040215551030289655,-0.040215551030289655,0
1970-01-01 18:44:00,0.4452124291552695,0.4452124291552695,0
1970-01-01 18:45:00,-0.9282076672968811,-0.9282076672968811,0
1970-01-01 18:46:00,1.1131592470862295,1.1131592470862295,0
1970-01-01 18:47:00,-0.7912884074299094,-0.7912884074299094,0
1970-01-01 18:48:00,0.4059201815395761,0.4059201815395761,0
1970-01-01 18:49:00,-0.42058093416571013,-0.42058093416571013,0
1970-01-01 18:50:00,0.708973225765622,0.708973225765622,0
1970-01-01 18:51:00,-0.9895294974613249,-0.9895294974613249,0
1970-01-01 18:52:00,1.0141556092191315,1.0141556092191315,0
1970-01-01 18:53:00,-0.6423488922686506,-0.6423488922686506,0
1970-01-01 18:54:00,-0.028241196313514606,-0.028241196313514606,0
1970-01-01 18:55:00,0.5602590705373339,0.5602590705373339,0
1970-01-01 18:56:00,-0.49257639014612814,-0.49257639014612814,0
1970-01-01 18:57:00,0.05359395688588047,0.05359395688588047,0
1970-01-01 18:58:00,0.2548896372950726,0.2548896372950726,0
1970-01-01 18:59:00,-0.2532379798865346,-0.2532379798865346,0
1970-01-01 19:00:00,0.10441934591935462,0.10441934591935462,0
1970-01-01 19:01:00,-0.18851417795321312,-0.18851417795321312,0
1970-01-01 19:02:00,0.5089439315140057,0.5089439315140057,0
1970-01-01 19:03:00,-0.8268708573415517,-0.8268708573415517,0
1970-01-01 19:04:00,0.6873667610007045,0.6873667610007045,0
1970-01-01 19:05:00,0.2911708236028171,0.2911708236028171,0
1970-01-01 19:06:00,-1.4526833134123254,-1.4526833134123254,0
1970-01-01 19:07:00,1.8760648549621222,1.8760648549621222,0
1970-01-01 19:08:00,-1.3942810767962932,-1.3942810767962932,0
1970-01-01 19:09:00,0.5813719657922084,0.5813719657922084,0
1970-01-01 19:10:00,-0.03711726493102865,-0.03711726493102865,0
1970-01-01 19:11:00,-0.16181503858477367,-0.16181503858477367,0
1970-01-01 19:12:00,-0.13223535484052626,-0.13223535484052626,0
1970-01-01 19:13:00,1.0595808756513136,1.0595808756513136,0
1970-01-01 19:14:00,-1.7575108125435794,-1.7575108125435794,0
1970-01-01 19:15:00,1.2105495958296508,1.2105495958296508,0
1970-01-01 19:16:00,0.03975328227545282,0.03975328227545282,0
1970-01-01 19:17:00,-0.4946759421856635,-0.4946759421856635,0
1970-01-01 19:18:00,-0.4413351372577987,-0.4413351372577987,0
1970-01-01 19:19:00,1.6221902417064755,1.6221902417064755,0
1970-01-01 19:20:00,-1.8059069208110534,-1.8059069208110534,0
1970-01-01 19:21:00,1.1924831775743745,1.1924831775743745,0
1970-01-01 19:22:00,-0.6897842886439395,-0.6897842886439395,0
1970-01-01 19:23:00,0.4728944832845513,0.4728944832845513,0
1970-01-01 19:24:00,0.018442725077761325,0.018442725077761325,0
1970-01-01 19:25:00,-0.7776210144252192,-0.7776210144252192,0
1970-01-01 19:26:00,1.1632547362119003,1.1632547362119003,0
1970-01-01 19:27:00,-1.0351215356974492,-1.0351215356974492,0
1970-01-01 19:28:00,0.9009539797857006,0.9009539797857006,0
1970-01-01 19:29:00,-1.0068106595212147,-1.0068106595212147,0
1970-01-01 19:30:00,1.174285795002062,1.174285795002062,0
1970-01-01 19:31:00,-1.072876591651024,-1.072876591651024,0
1970-01-01 19:32:00,0.5508183389010163,0.5508183389010163,0
1970-01-01 19:33:00,0.19195549026540853,0.19195549026540853,0
1970-01-01 19:34:00,-0.8109727474722062,-0.8109727474722062,0
1970-01-01 19:35:00,1.0242160446419826,1.0242160446419826,0
1970-01-01 19:36:00,-0.9056656188896636,-0.9056656188896636,0
1970-01-01 19:37:00,0.2921231124987598,0.2921231124987598,0
1970-01-01 19:38:00,0.5375840380975082,0.5375840380975082,0
1970-01-01 19:39:00,-0.6411960729939746,-0.6411960729939746,0
1970-01-01 19:40:00,0.17960279265158136,0.17960279265158136,0
1970-01-01 19:41:00,0.004057317076564093,0.004057317076564093,0
1970-01-01 19:42:00,0.16229102737759374,0.16229102737759374,0
1970-01-01 19:43:00,-0.1849604928224979,-0.1849604928224979,0
1970-01-01 19:44:00,0.0035626096428685934,0.0035626096428685934,0
1970-01-01 19:45:00,0.026457737022158027,0.026457737022158027,0
1970-01-01 19:46:00,0.27540909301828514,0.27540909301828514,0
1970-01-01 19:47:00,-0.7157661682679614,-0.7157661682679614,0
1970-01-01 19:48:00,1.031314154342518,1.031314154342518,0
1970-01-01 19:49:00,-1.2590322018851092,-1.2590322018851092,0
1970-01-01 19:50:00,1.5163643501302038,1.5163643501302038,0
1970-01-01 19:51:00,-1.6489185696552027,-1.6489185696552027,0
1970-01-01 19:52:00,1.4168359832968709,1.4168359832968709,0
1970-01-01 19:53:00,-0.900676378071178,-0.900676378071178,0
1970-01-01 19:54:00,0.33368163548222957,0.33368163548222957,0
1970-01-01 19:55:00,0.13167896211382005,0.13167896211382005,0
1970-01-01 19:56:00,-0.4582204142594169,-0.4582204142594169,0
1970-01-01 19:57:00,0.4799190167143806,0.4799190167143806,0
1970-01-01 19:58:00,-0.1763437633633476,-0.1763437633633476,0
1970-01-01 19:59:00,-0.1421371126130714,-0.1421371126130714,0
